{
	"info": {
		"_postman_id": "d25b5493-2dc1-4abb-bd40-72c3a3fc7d5a",
		"name": "UsermanagmentAPI",
		"schema": "https://schema.getpostman.com/json/collection/v2.1.0/collection.json"
	},
	"item": [
		{
			"name": "getUser",
			"protocolProfileBehavior": {
				"disableBodyPruning": true
			},
			"request": {
				"method": "GET",
				"header": [
					{
						"key": "appname",
						"value": "CloudiofyAPI",
						"type": "text"
					}
				],
				"body": {
					"mode": "raw",
					"raw": "",
					"options": {
						"raw": {
							"language": "json"
						}
					}
				},
				"url": {
					"raw": "http://localhost:5204/api/User",
					"protocol": "http",
					"host": [
						"localhost"
					],
					"port": "5204",
					"path": [
						"api",
						"User"
					]
				}
			},
			"response": []
		},
		{
			"name": "GetUser By Id",
			"protocolProfileBehavior": {
				"disableBodyPruning": true
			},
			"request": {
				"method": "GET",
				"header": [
					{
						"key": "appname",
						"type": "text",
						"value": "CloudiofyAPI"
					}
				],
				"body": {
					"mode": "raw",
					"raw": "",
					"options": {
						"raw": {
							"language": "json"
						}
					}
				},
				"url": {
					"raw": "http://localhost:5204/api/User/1",
					"protocol": "http",
					"host": [
						"localhost"
					],
					"port": "5204",
					"path": [
						"api",
						"User",
						"1"
					]
				}
			},
			"response": []
		},
		{
			"name": "Delete By Id Copy",
			"request": {
				"method": "DELETE",
				"header": [
					{
						"key": "appname",
						"type": "text",
						"value": "CloudiofyAPI"
					}
				],
				"body": {
					"mode": "raw",
					"raw": "",
					"options": {
						"raw": {
							"language": "json"
						}
					}
				},
				"url": {
					"raw": "http://localhost:5204/api/User/1",
					"protocol": "http",
					"host": [
						"localhost"
					],
					"port": "5204",
					"path": [
						"api",
						"User",
						"1"
					]
				}
			},
			"response": []
		},
		{
			"name": "Save user",
			"request": {
				"method": "POST",
				"header": [],
				"body": {
					"mode": "raw",
					"raw": "{\r\n  \"fullName\": \"Praasd\",\r\n  \"email\": \"prasad@gmail.com\",\r\n  \"username\": \"PD\",\r\n  \"password\": \"PD123\",\r\n  \"dateOfBirth\": \"1990-07-24T04:49:25.580Z\",\r\n  \"contactNumber\": \"777777\",\r\n  \"address\": \"Jbp\",\r\n  \"nationalityId\": 1,\r\n  \"countryId\": 1,  \r\n  \"cityId\": 2,\r\n  \"gender\": 1,\r\n  \"profession\": \"SA\",\r\n  \"photoFilePath\": \"D:\\\\MyData\\\\Akrati\\\\UserManagementProject\\\\UI\\\\Multimedia\\\\13.png\",\r\n  \"aboutYourself\": \"\",\r\n  \"languagesKnown\": [3]\r\n}",
					"options": {
						"raw": {
							"language": "json"
						}
					}
				},
				"url": {
					"raw": "http://localhost:5204/api/User",
					"protocol": "http",
					"host": [
						"localhost"
					],
					"port": "5204",
					"path": [
						"api",
						"User"
					]
				}
			},
			"response": []
		},
		{
			"name": "Update user",
			"request": {
				"method": "PUT",
				"header": [],
				"body": {
					"mode": "raw",
					"raw": "{\r\n  \"fullName\": \"Akrati\",\r\n  \"email\": \"Akrati@gmail.com\",\r\n  \"username\": \"AK\",\r\n  \"password\": \"1234\",\r\n  \"dateOfBirth\": \"1990-07-24T04:49:25.580Z\",\r\n  \"contactNumber\": \"0011223344\",\r\n  \"address\": \"Jabalpur\",\r\n  \"nationalityId\": 2,\r\n  \"countryId\": 1,  \r\n  \"cityId\": 2,\r\n  \"gender\": 2,\r\n  \"profession\": \"SA\",\r\n  \"photoFilePath\": \"D:\\\\MyData\\\\Akrati\\\\UserManagementProject\\\\UI\\\\Multimedia\\\\13.png\",\r\n  \"aboutYourself\": \"\",\r\n  \"languagesKnown\": [1,2]\r\n}",
					"options": {
						"raw": {
							"language": "json"
						}
					}
				},
				"url": {
					"raw": "http://localhost:5197/api/User/2",
					"protocol": "http",
					"host": [
						"localhost"
					],
					"port": "5197",
					"path": [
						"api",
						"User",
						"2"
					]
				}
			},
			"response": []
		}
	]
}